id,name,model_id:id,group_id:id,perm_read,perm_write,perm_create,perm_unlink
access_phuong_tien,Access Phuong Tien,model_phuong_tien,base.group_user,1,1,1,1
access_tai_xe,Access Tai Xe,model_tai_xe,base.group_user,1,1,1,1
access_lich_trinh,Access Lich Trinh,model_lich_trinh,base.group_user,1,1,1,1
access_bao_tri,Access Bao Tri,model_bao_tri,base.group_user,1,1,1,1
access_nhien_lieu,Access Nhien Lieu,model_nhien_lieu,base.group_user,1,1,1,1
access_vi_pham,Access Vi Pham,model_vi_pham,base.group_user,1,1,1,1
access_hop_dong_bao_hiem,Access Hop Dong Bao Hiem,model_hop_dong_bao_hiem,base.group_user,1,1,1,1
